,model_name,steps,time_elapsed,final_score,number_of_crashes,varying_wind, wind_strength
0,LCL_FFF_C0FF_1,49989,30.00825,3462.688,0,False,40
1,LCL_FFF_C0FF_1,149959,30.00216,3660.577,0,False,40
2,LCL_FFF_C0FF_1,249965,30.00852,3530.636,0,False,40
3,LCL_FFF_C0FF_1,49989,30.00587,3580.567,0,False,40
4,LCL_FFF_C0FF_1,149959,30.00172,3662.591,0,False,40
5,LCL_FFF_C0FF_1,249965,30.00553,3531.245,0,False,40
6,LCL_FFF_C0FF_1,349939,30.00041,3537.714,1,False,40
7,LCL_FFF_C0FF_1,449980,30.01167,3551.785,0,False,40
8,LCL_FFF_C0FF_1,549948,30.01142,3578.542,0,False,40
9,LCL_FFF_C0FF_1,649980,30.00178,3572.282,0,False,40
10,LCL_FFF_C0FF_1,749948,30.00733,3582.425,0,False,40
11,LCL_FFF_C0FF_1,849980,30.00038,3576.705,0,False,40
12,LCL_FFF_C0FF_1,949948,30.01378,3579.162,0,False,40
13,LCL_FFF_C0FF_1,1000060,30.00762,3578.352,0,False,40
0,LLC_FFF_C0FF_8,49938,30.00441,1808.29,7,False,40
1,LLC_FFF_C0FF_8,149999,30.00137,1731.206,1,False,40
2,LLC_FFF_C0FF_8,249988,30.00544,2439.892,0,False,40
3,LLC_FFF_C0FF_8,349993,30.0026,2776.452,0,False,40
4,LLC_FFF_C0FF_8,449990,30.00192,2537.449,0,False,40
5,LLC_FFF_C0FF_8,549989,30.00409,2649.249,0,False,40
6,LLC_FFF_C0FF_8,649995,30.0003,2861.327,0,False,40
7,LLC_FFF_C0FF_8,749958,30.00201,3226.604,0,False,40
8,LLC_FFF_C0FF_8,849956,30.00449,3397.462,0,False,40
9,LLC_FFF_C0FF_8,949991,30.00288,4084.427,3,False,40
10,LLC_FFF_C0FF_8,1000051,30.00321,5166.087,2,False,40
0,LLL_TFF_P0TF_1,49960,30.00499,2101.608,9,False,40
1,LLL_TFF_P0TF_1,149992,30.00414,2713.372,17,False,40
2,LLL_TFF_P0TF_1,249999,30.00324,2585.443,17,False,40
3,LLL_TFF_P0TF_1,349967,30.00563,2237.49,23,False,40
4,LLL_TFF_P0TF_1,449999,30.00679,1546.932,18,False,40
5,LLL_TFF_P0TF_1,549967,30.00301,2338.215,14,False,40
6,LLL_TFF_P0TF_1,649999,30.00501,3220.789,6,False,40
7,LLL_TFF_P0TF_1,749967,30.002,3490.295,5,False,40
8,LLL_TFF_P0TF_1,849999,30.00235,3532.694,6,False,40
9,LLL_TFF_P0TF_1,949967,30.00405,3583.879,3,False,40
10,LLL_TFF_P0TF_1,1000015,30.00114,3647.688,3,False,40
0,LLC_FFF_C0FF_6,49942,30.00719,2839.783,12,False,40
1,LLC_FFF_C0FF_6,149968,30.00381,3417.49,5,False,40
2,LLC_FFF_C0FF_6,249966,30.01735,2293.926,7,False,40
3,LLC_FFF_C0FF_6,349999,30.001,2721.125,3,False,40
4,LLC_FFF_C0FF_6,449987,30.00608,2405.061,4,False,40
5,LLC_FFF_C0FF_6,549950,30.00426,3483.146,1,False,40
6,LLC_FFF_C0FF_6,649983,30.00251,3576.635,0,False,40
7,LLC_FFF_C0FF_6,749939,30.0025,3594.76,0,False,40
8,LLC_FFF_C0FF_6,849971,30.01171,3610.205,0,False,40
9,LLC_FFF_C0FF_6,949946,30.01023,3609.136,0,False,40
10,LLC_FFF_C0FF_6,1000008,30.00177,3611.777,0,False,40
0,LLL_FFF_P0FF_1,49938,30.0034,3139.922,8,False,40
1,LLL_FFF_P0FF_1,149972,30.00173,3079.152,8,False,40
2,LLL_FFF_P0FF_1,249993,30.00852,3260.471,3,False,40
3,LLL_FFF_P0FF_1,349950,30.0045,3490.404,0,False,40
4,LLL_FFF_P0FF_1,449973,30.00792,3451.587,0,False,40
0,LLC_FFF_C0FF_1,49950,30.00475,3398.464,7,False,40
1,LLC_FFF_C0FF_1,149967,30.00301,4265.031,3,False,40
2,LLC_FFF_C0FF_1,249998,30.00072,3971.094,2,False,40
3,LLC_FFF_C0FF_1,349956,30.00639,4710.908,0,False,40
4,LLC_FFF_C0FF_1,449946,30.00323,4891.219,0,False,40
5,LLC_FFF_C0FF_1,549982,30.01328,5488.379,1,False,40
6,LLC_FFF_C0FF_1,649997,30.00537,6647.34,0,False,40
7,LLC_FFF_C0FF_1,749954,30.01223,7795.652,0,False,40
8,LLC_FFF_C0FF_1,849983,30.00401,7656.71,0,False,40
9,LLC_FFF_C0FF_1,949959,30.00515,8219.394,0,False,40
10,LLC_FFF_C0FF_1,1000016,30.00793,8569.497,0,False,40
0,LCL_TFT_P0TF_1,49971,30.00352,3435.749,1,False,40
1,LCL_TFT_P0TF_1,149946,30.00632,3438.274,0,False,40
2,LCL_TFT_P0TF_1,249936,30.01546,3544.026,0,False,40
3,LCL_TFT_P0TF_1,349968,30.00006,3590.253,0,False,40
4,LCL_TFT_P0TF_1,449936,30.01157,3598.565,0,False,40
5,LCL_TFT_P0TF_1,549968,30.00405,3600.607,0,False,40
6,LCL_TFT_P0TF_1,649936,30.00293,3496.431,0,False,40
7,LCL_TFT_P0TF_1,749968,30.01138,3517.052,0,False,40
8,LCL_TFT_P0TF_1,849936,30.00062,3595.925,0,False,40
9,LCL_TFT_P0TF_1,949968,30.00228,3641.942,3,False,40
10,LCL_TFT_P0TF_1,1000016,30.02581,3393.782,10,False,40
0,LLL_FFT_C0FF_1,49937,15.00396,1867.396,0,False,40
1,LLL_FFT_C0FF_1,149973,15.00256,1829.458,0,False,40
2,LLL_FFT_C0FF_1,249962,15.01326,1834.471,0,False,40
3,LLL_FFT_C0FF_1,349955,15.00425,1326.018,4,False,40
4,LLL_FFT_C0FF_1,449969,15.00021,1373.854,6,False,40
5,LLL_FFT_C0FF_1,549999,15.0007,1272.921,4,False,40
6,LLL_FFT_C0FF_1,649965,15.00731,1472.651,5,False,40
7,LLL_FFT_C0FF_1,749940,15.01622,1440.644,3,False,40
8,LLL_FFT_C0FF_1,849954,15.01215,1428.683,5,False,40
9,LLL_FFT_C0FF_1,949991,15.00117,1405.954,6,False,40
10,LLL_FFT_C0FF_1,1000018,15.01433,1578.202,4,False,40
0,LCL_FFT_P0FF_1,49947,30.00457,3188.831,6,False,40
1,LCL_FFT_P0FF_1,149950,30.00604,3066.387,0,False,40
2,LCL_FFT_P0FF_1,249975,30.0139,3117.656,1,False,40
3,LCL_FFT_P0FF_1,349985,30.00168,3083.562,2,False,40
4,LCL_FFT_P0FF_1,449953,30.02028,3518.805,1,False,40
5,LCL_FFT_P0FF_1,549985,30.00588,3605.975,0,False,40
6,LCL_FFT_P0FF_1,649953,30.00358,3612.695,0,False,40
7,LCL_FFT_P0FF_1,749985,30.00626,3607.6,0,False,40
8,LCL_FFT_P0FF_1,849953,30.00329,3619.613,0,False,40
9,LCL_FFT_P0FF_1,949985,30.00244,3619.825,0,False,40
10,LCL_FFT_P0FF_1,1000033,30.01003,3628.229,0,False,40
0,LLL_FFF_C0TF_1,49939,30.00445,3837.347,4,False,40
1,LLL_FFF_C0TF_1,149961,30.00334,4667.247,7,False,40
2,LLL_FFF_C0TF_1,249969,30.00747,4428.293,5,False,40
3,LLL_FFF_C0TF_1,349946,30.00858,3924.8,2,False,40
4,LLL_FFF_C0TF_1,449956,30.01494,3750.186,0,False,40
5,LLL_FFF_C0TF_1,549988,30.00787,3754.549,0,False,40
6,LLL_FFF_C0TF_1,649956,30.00377,3752.353,0,False,40
7,LLL_FFF_C0TF_1,749988,30.00998,3751.964,0,False,40
8,LLL_FFF_C0TF_1,849956,30.00195,3751.638,0,False,40
9,LLL_FFF_C0TF_1,949988,30.00758,3755.348,0,False,40
10,LLL_FFF_C0TF_1,1000036,30.00428,3754.526,0,False,40
0,LCL_TFF_P0FF_1,49989,30.00375,3386.791,0,False,40
1,LCL_TFF_P0FF_1,149957,30.00259,3591.3,1,False,40
2,LCL_TFF_P0FF_1,249989,30.00394,2871.078,4,False,40
3,LCL_TFF_P0FF_1,349957,30.00643,3417.344,5,False,40
4,LCL_TFF_P0FF_1,449992,30.00035,3646.795,2,False,40
5,LCL_TFF_P0FF_1,549992,30.01053,3661.506,4,False,40
6,LCL_TFF_P0FF_1,649979,30.00753,3511.133,5,False,40
7,LCL_TFF_P0FF_1,749991,30.00536,3634.152,1,False,40
8,LCL_TFF_P0FF_1,849972,30.00257,3680.896,1,False,40
9,LCL_TFF_P0FF_1,949961,30.00454,3510.152,3,False,40
10,LCL_TFF_P0FF_1,1000001,30.00821,3475.985,6,False,40
0,LLC_FFF_C0FF_7,49981,30.01048,3377.991,9,False,40
1,LLC_FFF_C0FF_7,149949,30.01201,3502.0,0,False,40
2,LLC_FFF_C0FF_7,249981,30.00414,3628.87,0,False,40
3,LLC_FFF_C0FF_7,349999,30.00424,3314.758,3,False,40
4,LLC_FFF_C0FF_7,449942,30.00787,3451.314,4,False,40
5,LLC_FFF_C0FF_7,549974,30.0081,3359.938,3,False,40
6,LLC_FFF_C0FF_7,649942,30.00213,3445.484,4,False,40
7,LLC_FFF_C0FF_7,749974,30.00156,3399.572,8,False,40
8,LLC_FFF_C0FF_7,849942,30.00502,3498.385,6,False,40
9,LLC_FFF_C0FF_7,949974,30.0014,3425.734,6,False,40
10,LLC_FFF_C0FF_7,1000022,30.01145,3550.739,3,False,40
0,LLC_FFF_P0TF_1,49950,30.01285,2961.481,7,False,40
1,LLC_FFF_P0TF_1,149945,30.00227,3454.083,2,False,40
2,LLC_FFF_P0TF_1,249977,30.00776,3524.18,1,False,40
3,LLC_FFF_P0TF_1,349945,30.00588,3603.516,1,False,40
4,LLC_FFF_P0TF_1,449984,30.00378,3489.866,0,False,40
5,LLC_FFF_P0TF_1,549937,30.00365,3163.361,5,False,40
6,LLC_FFF_P0TF_1,649989,30.01043,3320.868,5,False,40
7,LLC_FFF_P0TF_1,749961,30.00208,3518.152,2,False,40
8,LLC_FFF_P0TF_1,849999,30.00947,3665.513,2,False,40
9,LLC_FFF_P0TF_1,949958,30.00606,3628.59,3,False,40
10,LLC_FFF_P0TF_1,1000025,30.00108,3593.534,3,False,40
0,LLL_TFF_C0FF_1,49995,30.00605,3363.796,1,False,40
1,LLL_TFF_C0FF_1,149952,30.00016,3071.49,10,False,40
2,LLL_TFF_C0FF_1,249981,30.00083,2764.756,14,False,40
3,LLL_TFF_C0FF_1,349949,30.0051,2814.16,15,False,40
4,LLL_TFF_C0FF_1,449981,30.00379,3115.708,13,False,40
5,LLL_TFF_C0FF_1,549949,30.00223,3373.143,4,False,40
6,LLL_TFF_C0FF_1,649981,30.00319,3616.595,3,False,40
7,LLL_TFF_C0FF_1,749949,30.01076,3636.193,3,False,40
8,LLL_TFF_C0FF_1,849981,30.00434,3666.321,3,False,40
9,LLL_TFF_C0FF_1,949949,30.00257,3506.558,7,False,40
10,LLL_TFF_C0FF_1,1000061,30.00761,3528.361,3,False,40
0,LCL_FFF_P0TF_1,49958,30.00274,2795.248,6,False,40
1,LCL_FFF_P0TF_1,149985,30.00397,2669.165,11,False,40
2,LCL_FFF_P0TF_1,249954,30.00133,2677.12,9,False,40
3,LCL_FFF_P0TF_1,349975,30.00785,3498.603,8,False,40
4,LCL_FFF_P0TF_1,449951,30.00069,3284.495,9,False,40
5,LCL_FFF_P0TF_1,549955,30.00106,2837.824,10,False,40
6,LCL_FFF_P0TF_1,649976,30.00003,3360.075,4,False,40
7,LCL_FFF_P0TF_1,749961,30.01006,2668.165,10,False,40
8,LCL_FFF_P0TF_1,849979,30.00342,3645.897,4,False,40
9,LCL_FFF_P0TF_1,949997,30.0046,3857.658,5,False,40
10,LCL_FFF_P0TF_1,1000033,30.00822,3854.879,4,False,40
0,LLC_FFF_C0FF_9,49999,30.00343,3110.813,7,False,40
1,LLC_FFF_C0FF_9,149955,30.00242,2980.046,5,False,40
2,LLC_FFF_C0FF_9,249987,30.00061,3369.427,6,False,40
3,LLC_FFF_C0FF_9,349955,30.00628,3475.528,2,False,40
4,LLC_FFF_C0FF_9,449947,30.00743,3581.724,0,False,40
5,LLC_FFF_C0FF_9,549998,30.00078,3584.169,0,False,40
6,LLC_FFF_C0FF_9,649996,30.0054,3582.739,0,False,40
7,LLC_FFF_C0FF_9,749964,30.00308,3305.211,0,False,40
8,LLC_FFF_C0FF_9,849996,30.00901,3534.916,0,False,40
9,LLC_FFF_C0FF_9,949964,30.00041,3552.5,0,False,40
10,LLC_FFF_C0FF_9,1000076,30.00897,3569.825,0,False,40
0,LCL_TFT_C0FF_1,49993,15.01025,1660.729,0,False,40
1,LCL_TFT_C0FF_1,149992,15.00304,1717.239,0,False,40
2,LCL_TFT_C0FF_1,249967,15.00307,2791.982,3,False,40
3,LCL_TFT_C0FF_1,349972,15.00363,2013.804,7,False,40
4,LCL_TFT_C0FF_1,449978,15.01161,1528.615,2,False,40
5,LCL_TFT_C0FF_1,549993,15.00732,1680.136,0,False,40
6,LCL_TFT_C0FF_1,649961,15.01226,1711.333,0,False,40
7,LCL_TFT_C0FF_1,749993,15.00051,1773.739,0,False,40
8,LCL_TFT_C0FF_1,849961,15.00198,1808.817,0,False,40
9,LCL_TFT_C0FF_1,949993,15.0005,1810.869,0,False,40
10,LCL_TFT_C0FF_1,1000041,15.00867,1814.939,0,False,40
0,LCL_TFT_P0TT_1,49981,15.0092,1576.701,1,False,40
1,LCL_TFT_P0TT_1,149998,15.00908,1452.615,1,False,40
2,LCL_TFT_P0TT_1,249947,15.00856,1611.756,3,False,40
3,LCL_TFT_P0TT_1,349959,15.00443,1755.326,0,False,40
4,LCL_TFT_P0TT_1,449984,15.01254,1772.907,2,False,40
5,LCL_TFT_P0TT_1,549968,15.00083,1745.758,0,False,40
6,LCL_TFT_P0TT_1,649941,15.00135,1769.314,0,False,40
7,LCL_TFT_P0TT_1,749973,15.00113,1823.649,0,False,40
8,LCL_TFT_P0TT_1,849941,15.00533,1830.625,0,False,40
9,LCL_TFT_P0TT_1,949973,15.00845,1830.959,0,False,40
10,LCL_TFT_P0TT_1,1000021,15.00535,1830.647,0,False,40
0,LLC_FFF_C0FF_10,49999,30.00488,2941.634,6,False,40
1,LLC_FFF_C0FF_10,149986,30.01236,3144.92,10,False,40
2,LLC_FFF_C0FF_10,249948,30.00777,2872.331,9,False,40
3,LLC_FFF_C0FF_10,349989,30.00706,2850.317,8,False,40
4,LLC_FFF_C0FF_10,449948,30.00801,2616.977,9,False,40
5,LLC_FFF_C0FF_10,549944,30.00107,4448.778,1,False,40
6,LLC_FFF_C0FF_10,649942,30.00018,4461.91,0,False,40
7,LLC_FFF_C0FF_10,749974,30.00454,4906.723,0,False,40
8,LLC_FFF_C0FF_10,849985,30.01003,5494.05,0,False,40
9,LLC_FFF_C0FF_10,949954,30.00324,6465.794,1,False,40
10,LLC_FFF_C0FF_10,1000023,30.00423,6692.167,0,False,40
11,LLC_FFF_C0FF_10,49999,30.00661,2890.792,7,False,40
12,LLC_FFF_C0FF_10,149986,30.00499,2858.801,10,False,40
13,LLC_FFF_C0FF_10,249948,30.0034,3662.766,8,False,40
14,LLC_FFF_C0FF_10,349989,30.00345,3679.399,6,False,40
15,LLC_FFF_C0FF_10,449948,30.00748,5035.335,2,False,40
16,LLC_FFF_C0FF_10,549944,30.00885,3450.389,2,False,40
17,LLC_FFF_C0FF_10,649942,30.00287,4227.157,2,False,40
18,LLC_FFF_C0FF_10,749974,30.00699,4874.675,0,False,40
19,LLC_FFF_C0FF_10,849985,30.00819,5431.895,0,False,40
20,LLC_FFF_C0FF_10,949954,30.01199,6381.967,0,False,40
21,LLC_FFF_C0FF_10,1000023,30.00047,6986.721,2,False,40
22,LLC_FFF_C0FF_10,49999,30.00096,2693.21,8,False,40
23,LLC_FFF_C0FF_10,149986,30.00409,2692.844,11,False,40
24,LLC_FFF_C0FF_10,249948,30.01714,3578.481,9,False,40
25,LLC_FFF_C0FF_10,349989,30.00507,3570.541,7,False,40
26,LLC_FFF_C0FF_10,449948,30.00497,4399.583,4,False,40
27,LLC_FFF_C0FF_10,549944,30.00646,3323.863,4,False,40
28,LLC_FFF_C0FF_10,649942,30.01332,4224.232,0,False,40
29,LLC_FFF_C0FF_10,749974,30.00464,4765.848,0,False,40
30,LLC_FFF_C0FF_10,849985,30.00044,5192.891,0,False,40
31,LLC_FFF_C0FF_10,949954,30.00355,6531.585,0,False,40
32,LLC_FFF_C0FF_10,1000023,30.01308,6593.396,0,False,40
33,LLC_FFF_C0FF_10,49999,30.00405,2868.25,7,False,40
34,LLC_FFF_C0FF_10,149986,30.0012,2557.148,14,False,40
35,LLC_FFF_C0FF_10,249948,30.00679,3660.502,7,False,40
36,LLC_FFF_C0FF_10,349989,30.0094,3694.874,9,False,40
37,LLC_FFF_C0FF_10,449948,30.00466,3304.036,5,False,40
38,LLC_FFF_C0FF_10,549944,30.00672,4254.368,1,False,40
39,LLC_FFF_C0FF_10,649942,30.00695,4213.157,1,False,40
40,LLC_FFF_C0FF_10,749974,30.00667,4724.366,0,False,40
41,LLC_FFF_C0FF_10,849985,30.00293,5226.636,0,False,40
42,LLC_FFF_C0FF_10,949954,30.00352,6637.088,0,False,40
43,LLC_FFF_C0FF_10,1000023,30.00512,6648.105,0,False,40
44,LLC_FFF_C0FF_10,49999,30.00149,2684.018,8,False,40
45,LLC_FFF_C0FF_10,149986,30.00683,3553.903,5,False,40
46,LLC_FFF_C0FF_10,249948,30.00123,3273.735,11,False,40
47,LLC_FFF_C0FF_10,349989,30.00505,3905.091,7,False,40
48,LLC_FFF_C0FF_10,449948,30.00378,4754.926,1,False,40
49,LLC_FFF_C0FF_10,549944,30.00053,3885.018,4,False,40
50,LLC_FFF_C0FF_10,649942,30.00459,4554.456,0,False,40
51,LLC_FFF_C0FF_10,749974,30.00949,4820.806,0,False,40
52,LLC_FFF_C0FF_10,849985,30.00344,5684.865,0,False,40
53,LLC_FFF_C0FF_10,949954,30.00556,5930.094,5,False,40
54,LLC_FFF_C0FF_10,1000023,30.00054,5821.947,5,False,40
55,LLC_FFF_C0FF_10,49999,30.01289,2755.558,7,False,40
56,LLC_FFF_C0FF_10,149986,30.00499,2716.282,13,False,40
57,LLC_FFF_C0FF_10,249948,30.00356,3117.197,8,False,40
58,LLC_FFF_C0FF_10,349989,30.00219,3660.491,8,False,40
59,LLC_FFF_C0FF_10,449948,30.00402,4986.146,1,False,40
60,LLC_FFF_C0FF_10,549944,30.00064,3713.163,2,False,40
61,LLC_FFF_C0FF_10,649942,30.01014,4171.862,2,False,40
62,LLC_FFF_C0FF_10,749974,30.00852,4623.209,0,False,40
63,LLC_FFF_C0FF_10,849985,30.00257,5199.499,0,False,40
64,LLC_FFF_C0FF_10,949954,30.01008,6313.044,0,False,40
65,LLC_FFF_C0FF_10,1000023,30.00124,6309.429,3,False,40
66,LLC_FFF_C0FF_10,49999,30.01663,3160.701,6,False,40
67,LLC_FFF_C0FF_10,149986,30.00273,2877.85,10,False,40
68,LLC_FFF_C0FF_10,249948,30.00383,3668.358,9,False,40
69,LLC_FFF_C0FF_10,349989,30.00011,3244.681,9,False,40
70,LLC_FFF_C0FF_10,449948,30.00694,4139.707,3,False,40
71,LLC_FFF_C0FF_10,549944,30.00049,4047.009,2,False,40
72,LLC_FFF_C0FF_10,649942,30.00273,4412.517,1,False,40
73,LLC_FFF_C0FF_10,749974,30.00512,4871.884,0,False,40
74,LLC_FFF_C0FF_10,849985,30.00614,5177.33,0,False,40
75,LLC_FFF_C0FF_10,949954,30.00066,6409.841,1,False,40
76,LLC_FFF_C0FF_10,1000023,30.00863,6411.651,0,False,40
77,LLC_FFF_C0FF_10,49999,30.0022,2885.399,7,False,40
78,LLC_FFF_C0FF_10,149986,30.00341,3135.93,10,False,40
79,LLC_FFF_C0FF_10,249948,30.00343,3520.262,6,False,40
80,LLC_FFF_C0FF_10,349989,30.00329,3026.897,5,False,40
81,LLC_FFF_C0FF_10,449948,30.02499,4273.116,4,False,40
82,LLC_FFF_C0FF_10,549944,30.02002,3916.974,2,False,40
83,LLC_FFF_C0FF_10,649942,30.0023,4566.966,0,False,40
84,LLC_FFF_C0FF_10,749974,30.00483,4681.063,0,False,40
85,LLC_FFF_C0FF_10,849985,30.00792,5153.183,0,False,40
86,LLC_FFF_C0FF_10,949954,30.00439,6099.705,0,False,40
87,LLC_FFF_C0FF_10,1000023,30.01026,6052.2,2,False,40
88,LLC_FFF_C0FF_10,49999,30.00637,3041.637,8,False,40
89,LLC_FFF_C0FF_10,149986,30.00777,2794.037,9,False,40
90,LLC_FFF_C0FF_10,249948,30.00241,3814.095,8,False,40
91,LLC_FFF_C0FF_10,349989,30.00324,2375.095,8,False,40
92,LLC_FFF_C0FF_10,449948,30.00116,3954.444,2,False,40
93,LLC_FFF_C0FF_10,549944,30.0059,3682.749,3,False,40
94,LLC_FFF_C0FF_10,649942,30.00401,4244.073,2,False,40
95,LLC_FFF_C0FF_10,749974,30.00888,4707.694,0,False,40
96,LLC_FFF_C0FF_10,849985,30.00674,5437.013,0,False,40
97,LLC_FFF_C0FF_10,949954,30.01391,6369.413,1,False,40
98,LLC_FFF_C0FF_10,1000023,30.00448,6609.146,1,False,40
0,LLL_TFF_P0TT_1,49941,30.0048,3534.938,0,False,40
1,LLL_TFF_P0TT_1,149973,30.00412,3516.202,1,False,40
2,LLL_TFF_P0TT_1,249941,30.00201,3446.959,1,False,40
3,LLL_TFF_P0TT_1,349950,30.01343,3347.636,5,False,40
4,LLL_TFF_P0TT_1,449990,30.00588,3728.22,0,False,40
5,LLL_TFF_P0TT_1,549939,30.00415,3593.577,4,False,40
6,LLL_TFF_P0TT_1,649978,30.00321,3665.548,2,False,40
7,LLL_TFF_P0TT_1,749962,30.00595,3605.981,4,False,40
8,LLL_TFF_P0TT_1,849952,30.0065,3581.214,3,False,40
9,LLL_TFF_P0TT_1,949939,30.00061,3619.367,4,False,40
10,LLL_TFF_P0TT_1,1000061,30.00142,3511.522,5,False,40
0,LCL_FFF_C0FT_1,49964,30.00191,3298.209,6,False,40
1,LCL_FFF_C0FT_1,149983,30.00178,4112.86,3,False,40
2,LCL_FFF_C0FT_1,249982,30.00102,4894.04,1,False,40
3,LCL_FFF_C0FT_1,349978,30.005,4461.424,0,False,40
4,LCL_FFF_C0FT_1,449946,30.0017,5644.144,1,False,40
5,LCL_FFF_C0FT_1,549948,30.00618,6418.574,1,False,40
6,LCL_FFF_C0FT_1,649974,30.02362,7714.056,1,False,40
7,LCL_FFF_C0FT_1,749986,30.00278,7932.416,2,False,40
8,LCL_FFF_C0FT_1,849979,30.00309,7422.147,3,False,40
9,LCL_FFF_C0FT_1,949997,30.00932,5123.844,5,False,40
10,LCL_FFF_C0FT_1,1000040,30.00069,7015.567,3,False,40
0,LLL_FFF_P0FT_1,49955,30.00338,3178.147,1,False,40
1,LLL_FFF_P0FT_1,149987,30.00824,3531.846,0,False,40
2,LLL_FFF_P0FT_1,249955,30.00614,3611.535,0,False,40
3,LLL_FFF_P0FT_1,349985,30.00027,3617.606,0,False,40
4,LLL_FFF_P0FT_1,449988,30.00566,3605.517,0,False,40
5,LLL_FFF_P0FT_1,549985,30.00062,3617.877,0,False,40
6,LLL_FFF_P0FT_1,649996,30.00693,3658.85,3,False,40
7,LLL_FFF_P0FT_1,749960,30.00368,3386.421,4,False,40
8,LLL_FFF_P0FT_1,849983,30.00086,3476.576,1,False,40
9,LLL_FFF_P0FT_1,949973,30.00149,3541.03,4,False,40
10,LLL_FFF_P0FT_1,1000012,30.00378,3572.206,2,False,40
0,LLC_FFF_C0FT_1,49961,30.00514,3331.844,7,False,40
1,LLC_FFF_C0FT_1,149993,30.00466,3705.703,3,False,40
2,LLC_FFF_C0FT_1,249961,30.00432,3483.772,1,False,40
3,LLC_FFF_C0FT_1,349949,30.00782,3615.509,0,False,40
4,LLC_FFF_C0FT_1,449978,30.00254,3589.707,0,False,40
5,LLC_FFF_C0FT_1,549952,30.00961,3625.834,1,False,40
6,LLC_FFF_C0FT_1,649987,30.00536,3642.889,0,False,40
7,LLC_FFF_C0FT_1,749963,30.00577,3648.342,0,False,40
8,LLC_FFF_C0FT_1,849995,30.01217,3642.781,0,False,40
9,LLC_FFF_C0FT_1,949963,30.01217,3647.258,0,False,40
10,LLC_FFF_C0FT_1,1000011,30.00878,3647.21,0,False,40
0,LCL_FFT_C0TT_1,49998,30.00166,3526.905,1,False,40
1,LCL_FFT_C0TT_1,149993,30.00262,3079.208,3,False,40
2,LCL_FFT_C0TT_1,249940,30.00723,3192.046,1,False,40
3,LCL_FFT_C0TT_1,349972,30.00678,3240.472,0,False,40
4,LCL_FFT_C0TT_1,449940,30.01628,3422.531,0,False,40
5,LCL_FFT_C0TT_1,549972,30.00535,3332.192,0,False,40
6,LCL_FFT_C0TT_1,649940,30.00629,3265.696,1,False,40
7,LCL_FFT_C0TT_1,749972,30.00633,3416.583,1,False,40
8,LCL_FFT_C0TT_1,849940,30.00367,3560.398,0,False,40
9,LCL_FFT_C0TT_1,949972,30.01045,3577.185,0,False,40
10,LCL_FFT_C0TT_1,1000020,30.00507,3575.377,0,False,40
0,LLL_FFT_P0TT_1,49962,15.00245,1843.542,0,False,40
1,LLL_FFT_P0TT_1,149960,15.00284,1773.797,0,False,40
2,LLL_FFT_P0TT_1,249978,15.01578,2215.7,0,False,40
3,LLL_FFT_P0TT_1,349957,15.01254,2339.282,0,False,40
4,LLL_FFT_P0TT_1,449991,15.00122,2188.628,0,False,40
5,LLL_FFT_P0TT_1,549986,15.00046,2795.892,0,False,40
6,LLL_FFT_P0TT_1,649985,15.00498,3535.563,0,False,40
7,LLL_FFT_P0TT_1,749983,15.007,4325.27,0,False,40
8,LLL_FFT_P0TT_1,849995,15.01009,4353.021,0,False,40
9,LLL_FFT_P0TT_1,949979,15.00394,4204.705,0,False,40
10,LLL_FFT_P0TT_1,1000079,15.00513,5150.889,0,False,40
11,LLL_FFT_P0TT_1,49962,30.0071,4028.35,0,False,40
12,LLL_FFT_P0TT_1,149960,30.00861,4392.124,1,False,40
13,LLL_FFT_P0TT_1,249978,30.00037,4456.884,0,False,40
14,LLL_FFT_P0TT_1,349957,30.00187,4186.525,0,False,40
15,LLL_FFT_P0TT_1,449991,30.0074,5092.318,1,False,40
16,LLL_FFT_P0TT_1,549986,30.00449,5682.188,0,False,40
17,LLL_FFT_P0TT_1,649985,30.00279,7655.77,1,False,40
18,LLL_FFT_P0TT_1,749983,30.00911,8918.747,0,False,40
19,LLL_FFT_P0TT_1,849995,30.00306,9418.78,0,False,40
20,LLL_FFT_P0TT_1,949979,30.00118,9599.438,0,False,40
21,LLL_FFT_P0TT_1,1000079,30.00054,9574.988,0,False,40
22,LLL_FFT_P0TT_1,49962,30.0098,3433.039,0,False,40
23,LLL_FFT_P0TT_1,149960,30.0087,3296.607,0,False,40
24,LLL_FFT_P0TT_1,249978,30.00175,3470.534,0,False,40
25,LLL_FFT_P0TT_1,349957,30.01094,3487.305,0,False,40
26,LLL_FFT_P0TT_1,449991,30.01715,5056.907,0,False,40
27,LLL_FFT_P0TT_1,549986,30.00246,6939.103,1,False,40
28,LLL_FFT_P0TT_1,649985,30.00422,7590.963,1,False,40
29,LLL_FFT_P0TT_1,749983,30.00363,8707.649,1,False,40
30,LLL_FFT_P0TT_1,849995,30.00667,5557.255,0,False,40
31,LLL_FFT_P0TT_1,949979,30.00076,5062.765,0,False,40
32,LLL_FFT_P0TT_1,1000079,30.0051,5013.521,0,False,40
0,LLL_FFF_C0TT_1,49982,30.00223,3342.992,3,False,40
1,LLL_FFF_C0TT_1,149967,30.00879,3266.427,13,False,40
2,LLL_FFF_C0TT_1,249961,30.00357,3235.591,7,False,40
3,LLL_FFF_C0TT_1,349993,30.01027,3228.448,4,False,40
4,LLL_FFF_C0TT_1,449961,30.00381,3398.127,1,False,40
5,LLL_FFF_C0TT_1,549993,30.0007,3357.814,3,False,40
6,LLL_FFF_C0TT_1,649988,30.01135,3353.698,3,False,40
7,LLL_FFF_C0TT_1,749954,30.00507,3653.139,0,False,40
8,LLL_FFF_C0TT_1,849963,30.00617,3474.128,0,False,40
9,LLL_FFF_C0TT_1,949995,30.00194,3586.477,0,False,40
10,LLL_FFF_C0TT_1,1000043,30.01213,3612.946,0,False,40
0,LLC_FFF_P0TT_1,49985,30.00348,3265.959,7,False,40
1,LLC_FFF_P0TT_1,149998,30.00316,2758.492,11,False,40
2,LLC_FFF_P0TT_1,249951,30.00038,2744.174,4,False,40
3,LLC_FFF_P0TT_1,349949,30.00667,3580.782,0,False,40
4,LLC_FFF_P0TT_1,449981,30.00286,3125.699,0,False,40
5,LLC_FFF_P0TT_1,549949,30.00214,3229.322,0,False,40
6,LLC_FFF_P0TT_1,649981,30.00288,3439.095,0,False,40
7,LLC_FFF_P0TT_1,749947,30.00581,3883.655,0,False,40
8,LLC_FFF_P0TT_1,849976,30.00208,3910.506,0,False,40
9,LLC_FFF_P0TT_1,949944,30.00219,3722.855,0,False,40
10,LLC_FFF_P0TT_1,1000005,30.0014,3538.467,0,False,40
0,LCL_FFF_P0TT_1,49982,15.00998,1920.238,0,False,40
1,LCL_FFF_P0TT_1,149993,15.00544,1736.784,5,False,40
2,LCL_FFF_P0TT_1,249951,15.00843,1226.684,4,False,40
3,LCL_FFF_P0TT_1,349983,15.00136,1322.483,4,False,40
4,LCL_FFF_P0TT_1,449951,15.01507,2118.605,3,False,40
5,LCL_FFF_P0TT_1,549983,15.00111,1739.526,2,False,40
6,LCL_FFF_P0TT_1,649951,15.00413,1694.269,2,False,40
7,LCL_FFF_P0TT_1,749983,15.01112,1987.183,1,False,40
8,LCL_FFF_P0TT_1,849951,15.0023,2052.024,1,False,40
9,LCL_FFF_P0TT_1,949983,15.00082,1764.599,1,False,40
10,LCL_FFF_P0TT_1,1000031,15.00603,1816.266,0,False,40
0,LLL_TFF_C0FT_1,49969,30.00408,3052.495,6,False,40
1,LLL_TFF_C0FT_1,149937,30.00167,3453.3,0,False,40
2,LLL_TFF_C0FT_1,249971,30.00395,3501.817,0,False,40
3,LLL_TFF_C0FT_1,349939,30.00217,3581.926,1,False,40
4,LLL_TFF_C0FT_1,449971,30.00351,3652.272,0,False,40
5,LLL_TFF_C0FT_1,549939,30.00086,3642.374,0,False,40
6,LLL_TFF_C0FT_1,649971,30.00147,3629.148,0,False,40
7,LLL_TFF_C0FT_1,749939,30.00013,3571.288,3,False,40
8,LLL_TFF_C0FT_1,849971,30.00892,3708.442,2,False,40
9,LLL_TFF_C0FT_1,949939,30.00168,3536.634,6,False,40
10,LLL_TFF_C0FT_1,1000051,30.00235,3593.342,3,False,40
0,LCL_TFT_P0FF_1,49991,15.00047,1596.902,1,False,40
1,LCL_TFT_P0FF_1,149998,15.00678,2001.535,3,False,40
2,LCL_TFT_P0FF_1,249967,15.00401,1827.916,3,False,40
3,LCL_TFT_P0FF_1,349956,15.01253,1739.456,2,False,40
4,LCL_TFT_P0FF_1,449988,15.00558,1691.411,4,False,40
5,LCL_TFT_P0FF_1,549956,15.00757,1160.963,3,False,40
6,LCL_TFT_P0FF_1,649988,15.00698,1338.739,3,False,40
7,LCL_TFT_P0FF_1,749956,15.00378,1562.883,2,False,40
8,LCL_TFT_P0FF_1,849988,15.01307,1649.212,2,False,40
9,LCL_TFT_P0FF_1,949956,15.0062,1662.99,3,False,40
10,LCL_TFT_P0FF_1,1000004,15.00354,1278.388,5,False,40
0,LCL_FTT_C0FF_2,49980,30.00245,3351.178,4,False,40
1,LCL_FTT_C0FF_2,149975,30.00776,3079.77,14,False,40
2,LCL_FTT_C0FF_2,249996,30.00533,3047.756,17,False,40
3,LCL_FTT_C0FF_2,349984,30.01041,3291.654,18,False,40
4,LCL_FTT_C0FF_2,449968,30.01178,2893.681,18,False,40
5,LCL_FTT_C0FF_2,549976,30.0019,2603.262,18,False,40
6,LCL_FTT_C0FF_2,649963,30.01066,2685.878,22,False,40
7,LCL_FTT_C0FF_2,749979,30.02068,2181.998,22,False,40
8,LCL_FTT_C0FF_2,849999,30.00386,1960.221,19,False,40
9,LCL_FTT_C0FF_2,949999,30.0031,2402.094,24,False,40
10,LCL_FTT_C0FF_2,1000037,30.00145,2275.17,21,False,40
0,LCL_FFF_C0TF_1,49981,30.00671,3699.413,0,False,40
1,LCL_FFF_C0TF_1,149982,30.00385,3666.344,0,False,40
2,LCL_FFF_C0TF_1,249952,30.00469,3211.399,1,False,40
3,LCL_FFF_C0TF_1,349939,30.00642,3237.148,2,False,40
4,LCL_FFF_C0TF_1,449971,30.00783,3573.316,0,False,40
5,LCL_FFF_C0TF_1,549939,30.00725,3624.026,0,False,40
6,LCL_FFF_C0TF_1,649995,30.00314,3627.935,0,False,40
7,LCL_FFF_C0TF_1,749979,30.00465,3623.435,0,False,40
8,LCL_FFF_C0TF_1,849957,30.00451,3622.625,0,False,40
9,LCL_FFF_C0TF_1,949955,30.00465,3640.836,1,False,40
10,LCL_FFF_C0TF_1,1000004,30.00412,3647.351,0,False,40
0,LLL_TFF_P0FF_1,49985,30.00326,3005.134,5,False,40
1,LLL_TFF_P0FF_1,149953,30.00403,3129.014,4,False,40
2,LLL_TFF_P0FF_1,249969,30.00328,2381.183,4,False,40
3,LLL_TFF_P0FF_1,349937,30.01138,3488.961,0,False,40
4,LLL_TFF_P0FF_1,449969,30.00753,3625.202,0,False,40
5,LLL_TFF_P0FF_1,549937,30.004,3627.443,0,False,40
6,LLL_TFF_P0FF_1,649969,30.0132,3634.401,0,False,40
7,LLL_TFF_P0FF_1,749958,30.0062,3671.017,0,False,40
8,LLL_TFF_P0FF_1,849975,30.00659,3667.637,2,False,40
9,LLL_TFF_P0FF_1,949982,30.00017,3675.692,2,False,40
10,LLL_TFF_P0FF_1,1000001,30.02009,3598.26,4,False,40
0,LLL_FFF_P0TF_1,49966,30.00421,3229.3,5,False,40
1,LLL_FFF_P0TF_1,149998,30.00066,3732.635,6,False,40
2,LLL_FFF_P0TF_1,249966,30.00107,3559.685,3,False,40
3,LLL_FFF_P0TF_1,349998,30.00397,3617.815,0,False,40
4,LLL_FFF_P0TF_1,449972,30.00509,3628.673,0,False,40
5,LLL_FFF_P0TF_1,549997,30.01397,3592.917,0,False,40
6,LLL_FFF_P0TF_1,649979,30.0055,3616.774,1,False,40
7,LLL_FFF_P0TF_1,749988,30.01165,3594.346,3,False,40
8,LLL_FFF_P0TF_1,849942,30.0003,3708.631,0,False,40
9,LLL_FFF_P0TF_1,949945,30.01065,3618.986,2,False,40
10,LLL_FFF_P0TF_1,1000095,30.00125,3579.161,3,False,40
0,LLC_FFF_C0TF_1,49977,30.00103,3010.125,6,False,40
1,LLC_FFF_C0TF_1,149946,30.00168,3266.879,3,False,40
2,LLC_FFF_C0TF_1,249936,30.00176,2383.131,2,False,40
3,LLC_FFF_C0TF_1,349968,30.00411,3069.743,5,False,40
4,LLC_FFF_C0TF_1,449936,30.01231,3093.805,3,False,40
5,LLC_FFF_C0TF_1,549983,30.0046,3596.335,0,False,40
6,LLC_FFF_C0TF_1,649951,30.00892,3598.606,0,False,40
7,LLC_FFF_C0TF_1,749983,30.00651,3601.222,0,False,40
8,LLC_FFF_C0TF_1,849951,30.00366,3596.846,0,False,40
9,LLC_FFF_C0TF_1,949983,30.02488,3601.97,0,False,40
10,LLC_FFF_C0TF_1,1000095,30.00186,3598.739,0,False,40
0,LCL_FFT_C0FF_1,49969,15.00121,1491.977,0,False,40
1,LCL_FFT_C0FF_1,149957,15.00482,1496.43,6,False,40
2,LCL_FFT_C0FF_1,249981,15.00078,1382.905,5,False,40
3,LCL_FFT_C0FF_1,349970,15.00051,1701.813,4,False,40
4,LCL_FFT_C0FF_1,449972,15.00675,1620.631,3,False,40
5,LCL_FFT_C0FF_1,549971,15.00827,1944.615,2,False,40
6,LCL_FFT_C0FF_1,649941,15.00013,1887.583,3,False,40
7,LCL_FFT_C0FF_1,749976,15.00522,2176.833,1,False,40
8,LCL_FFT_C0FF_1,849957,15.00222,2073.962,1,False,40
9,LCL_FFT_C0FF_1,949936,15.00537,1958.366,2,False,40
10,LCL_FFT_C0FF_1,1000051,15.00767,2102.543,1,False,40
0,LLL_FFT_P0FF_1,49964,60.00374,7231.818,5,False,40
1,LLL_FFT_P0FF_1,149990,60.01015,8573.612,2,False,40
2,LLL_FFT_P0FF_1,249949,60.00491,8643.736,4,False,40
3,LLL_FFT_P0FF_1,349942,60.00231,10013.69,0,False,40
4,LLL_FFT_P0FF_1,449952,60.00792,9676.396,2,False,40
5,LLL_FFT_P0FF_1,549960,60.00364,9510.74,0,False,40
6,LLL_FFT_P0FF_1,649958,60.00796,10880.22,1,False,40
7,LLL_FFT_P0FF_1,749963,60.00698,11746.84,0,False,40
8,LLL_FFT_P0FF_1,849938,60.00363,13186.5,2,False,40
9,LLL_FFT_P0FF_1,949990,60.00084,15095.73,1,False,40
10,LLL_FFT_P0FF_1,1000029,60.00831,15819.27,0,False,40
0,CCL_FTT_C0FF_1,49988,30.00305,3171.895,3,False,40
1,CCL_FTT_C0FF_1,149968,30.00003,2898.298,9,False,40
2,CCL_FTT_C0FF_1,249975,30.00696,3105.54,11,False,40
3,CCL_FTT_C0FF_1,349993,30.00421,3540.908,13,False,40
4,CCL_FTT_C0FF_1,449992,30.02348,2588.839,23,False,40
0,LLL_FFF_C0FF_1,49944,30.01029,2948.725,5,False,40
1,LLL_FFF_C0FF_1,149974,30.009,2503.174,6,False,40
2,LLL_FFF_C0FF_1,249995,30.00232,3863.921,1,False,40
3,LLL_FFF_C0FF_1,349975,30.00627,3621.033,0,False,40
4,LLL_FFF_C0FF_1,449996,30.00699,3851.041,1,False,40
5,LLL_FFF_C0FF_1,549976,30.0064,3232.17,0,False,40
6,LLL_FFF_C0FF_1,649961,30.00614,3881.379,2,False,40
7,LLL_FFF_C0FF_1,749993,30.00226,3748.967,0,False,40
8,LLL_FFF_C0FF_1,849961,30.0076,4090.701,2,False,40
9,LLL_FFF_C0FF_1,949993,30.00592,3777.367,3,False,40
10,LLL_FFF_C0FF_1,1000041,30.00967,3960.137,0,False,40
0,LCL_TFF_P0TF_1,49987,30.01332,3463.461,0,False,40
1,LCL_TFF_P0TF_1,149955,30.00574,3114.841,5,False,40
2,LCL_TFF_P0TF_1,249951,30.00369,3425.687,1,False,40
3,LCL_TFF_P0TF_1,349983,30.00542,3657.172,0,False,40
4,LCL_TFF_P0TF_1,449951,30.00269,3664.675,0,False,40
5,LCL_TFF_P0TF_1,549983,30.00296,3670.126,0,False,40
6,LCL_TFF_P0TF_1,649951,30.00005,2789.761,11,False,40
7,LCL_TFF_P0TF_1,749983,30.0062,2755.071,19,False,40
8,LCL_TFF_P0TF_1,849951,30.00455,3037.16,13,False,40
9,LCL_TFF_P0TF_1,949983,30.00474,3215.222,8,False,40
10,LCL_TFF_P0TF_1,1000031,30.00139,3327.956,9,False,40
0,LLC_FFF_P0FF_1,49947,30.00915,3777.317,2,False,40
1,LLC_FFF_P0FF_1,149992,30.00242,4263.606,2,False,40
2,LLC_FFF_P0FF_1,249982,30.00323,4428.642,0,False,40
3,LLC_FFF_P0FF_1,349974,30.00388,5050.061,7,False,40
4,LLC_FFF_P0FF_1,449965,30.00046,4008.004,7,False,40
5,LLC_FFF_P0FF_1,549987,30.00856,4957.35,6,False,40
6,LLC_FFF_P0FF_1,649943,30.00764,5525.938,5,False,40
7,LLC_FFF_P0FF_1,749956,30.00718,6481.311,2,False,40
8,LLC_FFF_P0FF_1,849994,30.00039,7463.831,3,False,40
9,LLC_FFF_P0FF_1,949961,30.00217,4736.116,5,False,40
10,LLC_FFF_P0FF_1,1000011,30.00243,5807.982,0,False,40
0,LCL_FFF_P0FF_1,49979,30.00414,3693.633,2,False,40
1,LCL_FFF_P0FF_1,149945,30.00079,3820.968,0,False,40
2,LCL_FFF_P0FF_1,249938,30.00169,4244.868,1,False,40
3,LCL_FFF_P0FF_1,349961,30.01935,5856.907,0,False,40
4,LCL_FFF_P0FF_1,449987,30.00622,5823.573,2,False,40
5,LCL_FFF_P0FF_1,549987,30.00376,5931.175,2,False,40
6,LCL_FFF_P0FF_1,649951,30.00113,5480.965,2,False,40
7,LCL_FFF_P0FF_1,749963,30.00098,6130.474,2,False,40
8,LCL_FFF_P0FF_1,849981,30.00144,7513.723,1,False,40
9,LCL_FFF_P0FF_1,949952,30.0033,8875.095,1,False,40
10,LCL_FFF_P0FF_1,1000010,30.00032,7602.855,2,False,40
0,CCL_FFF_P0FT_1,49973,30.00112,3559.822,7,False,40
1,CCL_FFF_P0FT_1,149949,30.01057,3689.011,2,False,40
2,CCL_FFF_P0FT_1,249996,30.00302,4121.146,0,False,40
3,CCL_FFF_P0FT_1,349939,30.00752,4429.509,0,False,40
4,CCL_FFF_P0FT_1,449998,30.00711,4986.588,0,False,40
5,CCL_FFF_P0FT_1,549963,30.00692,4890.014,0,False,40
6,CCL_FFF_P0FT_1,649942,30.00636,4789.415,0,False,40
7,CCL_FFF_P0FT_1,749943,30.00105,5838.213,0,False,40
8,CCL_FFF_P0FT_1,849984,30.01038,5629.375,0,False,40
9,CCL_FFF_P0FT_1,949969,30.00528,6261.46,2,False,40
10,CCL_FFF_P0FT_1,1000050,30.00234,6522.118,0,False,40
0,LLL_TFF_P0FT_1,49990,30.00468,3221.379,2,False,40
1,LLL_TFF_P0FT_1,149958,30.00067,3053.396,8,False,40
2,LLL_TFF_P0FT_1,249970,30.00758,2828.959,2,False,40
3,LLL_TFF_P0FT_1,349938,30.0063,3461.332,1,False,40
4,LLL_TFF_P0FT_1,449970,30.00336,3615.814,0,False,40
5,LLL_TFF_P0FT_1,549938,30.00698,3620.851,0,False,40
6,LLL_TFF_P0FT_1,649970,30.00384,3625.644,0,False,40
7,LLL_TFF_P0FT_1,749938,30.00276,3627.382,0,False,40
8,LLL_TFF_P0FT_1,849970,30.00639,3624.991,0,False,40
9,LLL_TFF_P0FT_1,949938,30.00624,3627.992,0,False,40
10,LLL_TFF_P0FT_1,1000050,30.00258,3627.351,0,False,40
0,LCL_FFF_C0TT_1,49977,30.01985,2802.438,7,False,40
1,LCL_FFF_C0TT_1,149977,30.00888,3007.511,9,False,40
2,LCL_FFF_C0TT_1,249987,30.01242,3701.142,5,False,40
3,LCL_FFF_C0TT_1,349936,30.00986,4610.521,1,False,40
4,LCL_FFF_C0TT_1,449958,30.0083,4498.038,0,False,40
5,LCL_FFF_C0TT_1,549990,30.01334,4064.736,0,False,40
6,LCL_FFF_C0TT_1,649958,30.00183,4019.179,0,False,40
7,LCL_FFF_C0TT_1,749990,30.00646,3684.479,0,False,40
8,LCL_FFF_C0TT_1,849958,30.00112,3612.028,0,False,40
9,LCL_FFF_C0TT_1,949990,30.00432,3459.54,0,False,40
10,LCL_FFF_C0TT_1,1000038,30.00055,3565.97,0,False,40
0,LLL_FFF_P0TT_1,49964,30.00219,3606.28,0,False,40
1,LLL_FFF_P0TT_1,149996,30.00365,3696.859,0,False,40
2,LLL_FFF_P0TT_1,249964,30.00133,3424.253,0,False,40
3,LLL_FFF_P0TT_1,349996,30.00636,3580.908,0,False,40
4,LLL_FFF_P0TT_1,449964,30.00394,3630.304,0,False,40
5,LLL_FFF_P0TT_1,549996,30.00428,3612.112,0,False,40
6,LLL_FFF_P0TT_1,649964,30.01265,3592.588,0,False,40
7,LLL_FFF_P0TT_1,749996,30.00904,3637.852,0,False,40
8,LLL_FFF_P0TT_1,849964,30.00238,3645.782,0,False,40
9,LLL_FFF_P0TT_1,949996,30.00785,3639.932,0,False,40
10,LLL_FFF_P0TT_1,1000044,30.0051,3637.827,0,False,40
11,LLL_FFF_P0TT_1,49964,30.00684,3561.957,0,False,40
12,LLL_FFF_P0TT_1,149996,30.0049,3696.79,0,False,40
13,LLL_FFF_P0TT_1,249964,30.00197,3425.938,0,False,40
14,LLL_FFF_P0TT_1,349996,30.00835,3577.934,0,False,40
0,LLC_FFF_C0TT_1,49964,30.0047,3072.378,7,False,40
1,LLC_FFF_C0TT_1,149950,30.00582,3960.796,2,False,40
2,LLC_FFF_C0TT_1,249970,30.00711,4145.275,0,False,40
3,LLC_FFF_C0TT_1,349945,30.00139,4420.045,0,False,40
4,LLC_FFF_C0TT_1,449972,30.00985,4251.127,0,False,40
5,LLC_FFF_C0TT_1,549960,30.00233,4604.104,0,False,40
6,LLC_FFF_C0TT_1,649996,30.01089,6652.711,0,False,40
7,LLC_FFF_C0TT_1,749971,30.00363,6791.124,1,False,40
8,LLC_FFF_C0TT_1,849969,30.01118,7976.907,1,False,40
9,LLC_FFF_C0TT_1,949941,30.0006,5742.994,11,False,40
10,LLC_FFF_C0TT_1,1000023,30.01138,7784.399,0,False,40
0,LLL_FFT_C0TT_1,49951,30.0066,3242.543,7,False,40
1,LLL_FFT_C0TT_1,149947,30.00423,3546.385,5,False,40
2,LLL_FFT_C0TT_1,249994,30.00462,3328.287,5,False,40
3,LLL_FFT_C0TT_1,349936,30.00365,3340.889,3,False,40
4,LLL_FFT_C0TT_1,449985,30.00007,3369.535,4,False,40
5,LLL_FFT_C0TT_1,549975,30.00394,3554.238,1,False,40
6,LLL_FFT_C0TT_1,649964,30.0021,3623.695,0,False,40
7,LLL_FFT_C0TT_1,749984,30.00737,3636.711,0,False,40
8,LLL_FFT_C0TT_1,849989,30.00235,3636.722,0,False,40
9,LLL_FFT_C0TT_1,949957,30.00843,3635.877,0,False,40
10,LLL_FFT_C0TT_1,1000122,30.01559,3643.495,0,False,40
0,LCL_FFT_P0TT_1,49981,15.00325,1897.166,0,False,40
1,LCL_FFT_P0TT_1,149978,15.01296,1865.123,0,False,40
2,LCL_FFT_P0TT_1,249979,15.00433,2407.744,1,False,40
3,LCL_FFT_P0TT_1,349940,15.00943,1848.584,3,False,40
4,LCL_FFT_P0TT_1,449975,15.00965,1911.401,0,False,40
5,LCL_FFT_P0TT_1,549982,15.00788,2687.896,0,False,40
6,LCL_FFT_P0TT_1,649953,15.00692,3285.52,0,False,40
7,LCL_FFT_P0TT_1,749943,15.00691,3876.034,0,False,40
8,LCL_FFT_P0TT_1,849956,15.00921,4228.952,1,False,40
9,LCL_FFT_P0TT_1,949990,15.00535,4213.433,1,False,40
10,LCL_FFT_P0TT_1,1000056,15.00259,3931.177,2,False,40
11,LCL_FFT_P0TT_1,49981,15.00167,1813.62,0,False,40
12,LCL_FFT_P0TT_1,149978,15.01373,1830.895,0,False,40
13,LCL_FFT_P0TT_1,249979,15.00545,2189.788,0,False,40
14,LCL_FFT_P0TT_1,349940,15.0079,2108.398,0,False,40
15,LCL_FFT_P0TT_1,449975,15.0005,2183.36,0,False,40
16,LCL_FFT_P0TT_1,549982,15.00148,2503.66,0,False,40
17,LCL_FFT_P0TT_1,649953,15.00224,3275.432,0,False,40
18,LCL_FFT_P0TT_1,749943,15.02171,3624.032,1,False,40
19,LCL_FFT_P0TT_1,849956,15.00714,3569.162,1,False,40
20,LCL_FFT_P0TT_1,949990,15.00911,3539.13,2,False,40
21,LCL_FFT_P0TT_1,1000056,15.00404,3998.688,1,False,40
0,LLL_FFF_C0FT_1,49999,30.00333,4178.575,2,False,40
1,LLL_FFF_C0FT_1,149962,30.00257,5950.845,1,False,40
2,LLL_FFF_C0FT_1,249961,30.00058,4565.685,2,False,40
3,LLL_FFF_C0FT_1,349957,30.00473,4870.885,0,False,40
4,LLL_FFF_C0FT_1,449945,30.00205,6965.889,1,False,40
5,LLL_FFF_C0FT_1,549958,30.00634,7101.06,2,False,40
6,LLL_FFF_C0FT_1,649991,30.00506,7269.855,1,False,40
7,LLL_FFF_C0FT_1,749946,30.00109,7556.889,4,False,40
8,LLL_FFF_C0FT_1,849955,30.0044,6905.912,3,False,40
9,LLL_FFF_C0FT_1,949997,30.00252,7662.497,1,False,40
10,LLL_FFF_C0FT_1,1000036,30.0058,7694.242,0,False,40
0,LLC_FFF_P0FT_1,49999,30.00586,4671.219,3,False,40
1,LLC_FFF_P0FT_1,149945,30.00425,5778.18,4,False,40
2,LLC_FFF_P0FT_1,249942,30.00703,6085.619,4,False,40
3,LLC_FFF_P0FT_1,349936,30.01388,6204.489,4,False,40
4,LLC_FFF_P0FT_1,449957,30.01023,7077.654,4,False,40
5,LLC_FFF_P0FT_1,549962,30.00541,7344.492,2,False,40
6,LLC_FFF_P0FT_1,649959,30.0131,8197.665,2,False,40
7,LLC_FFF_P0FT_1,749939,30.00858,8563.909,0,False,40
8,LLC_FFF_P0FT_1,849981,30.00303,8762.563,3,False,40
9,LLC_FFF_P0FT_1,949986,30.00139,9088.448,4,False,40
10,LLC_FFF_P0FT_1,1000023,30.00191,8862.3,4,False,40
0,LCL_TFT_C0TT_1,49998,30.00063,3407.604,6,False,40
1,LCL_TFT_C0TT_1,149944,30.01135,3355.204,0,False,40
2,LCL_TFT_C0TT_1,249998,30.00335,3550.812,0,False,40
3,LCL_TFT_C0TT_1,349966,30.00675,3605.692,0,False,40
4,LCL_TFT_C0TT_1,449998,30.0042,3610.054,0,False,40
5,LCL_TFT_C0TT_1,549966,30.00053,3610.531,0,False,40
6,LCL_TFT_C0TT_1,649998,30.0077,3610.747,0,False,40
7,LCL_TFT_C0TT_1,749966,30.00198,3608.907,0,False,40
8,LCL_TFT_C0TT_1,849998,30.00439,3581.013,0,False,40
9,LCL_TFT_C0TT_1,949966,30.00722,3302.269,2,False,40
10,LCL_TFT_C0TT_1,1000014,30.00289,3581.727,2,False,40
0,LCL_FFF_C0FF_2,49998,30.00439,3059.115,4,False,40
1,LCL_FFF_C0FF_2,149982,30.00972,2741.379,10,False,40
2,LCL_FFF_C0FF_2,249994,30.00519,3406.053,5,False,40
3,LCL_FFF_C0FF_2,349945,30.00739,3375.097,6,False,40
4,LCL_FFF_C0FF_2,449994,30.0125,3442.795,4,False,40
5,LCL_FFF_C0FF_2,549949,30.00627,3570.522,1,False,40
6,LCL_FFF_C0FF_2,649965,30.00464,3629.792,0,False,40
7,LCL_FFF_C0FF_2,749970,30.00033,3628.615,0,False,40
8,LCL_FFF_C0FF_2,849938,30.00079,3625.782,0,False,40
9,LCL_FFF_C0FF_2,949955,30.00445,3629.772,0,False,40
10,LCL_FFF_C0FF_2,1000035,30.00284,3631.704,0,False,40
0,LLC_FFF_C0FF_2,49937,30.0067,5091.604,0,False,40
1,LLC_FFF_C0FF_2,149959,30.00253,6757.151,1,False,40
2,LLC_FFF_C0FF_2,249959,30.00488,6525.708,0,False,40
3,LLC_FFF_C0FF_2,349997,30.00364,7066.051,0,False,40
4,LLC_FFF_C0FF_2,449958,30.00065,7350.66,1,False,40
5,LLC_FFF_C0FF_2,549978,30.00416,8654.322,1,False,40
6,LLC_FFF_C0FF_2,649941,30.0011,8609.705,0,False,40
7,LLC_FFF_C0FF_2,749986,30.00548,6719.679,3,False,40
8,LLC_FFF_C0FF_2,849961,30.00453,5061.021,0,False,40
9,LLC_FFF_C0FF_2,949996,30.00102,5063.28,2,False,40
10,LLC_FFF_C0FF_2,1000044,30.00422,3401.59,4,False,40
0,LLC_FFF_C0FF_5,49984,30.00405,2633.422,11,False,40
1,LLC_FFF_C0FF_5,149964,30.00468,3096.508,10,False,40
2,LLC_FFF_C0FF_5,249972,30.01192,3319.792,6,False,40
3,LLC_FFF_C0FF_5,349991,30.01478,3459.357,0,False,40
4,LLC_FFF_C0FF_5,449959,30.00753,3547.603,0,False,40
5,LLC_FFF_C0FF_5,549991,30.00109,3576.891,0,False,40
6,LLC_FFF_C0FF_5,649959,30.00751,3554.414,0,False,40
7,LLC_FFF_C0FF_5,749991,30.00377,3603.771,0,False,40
8,LLC_FFF_C0FF_5,849959,30.01889,3593.401,0,False,40
9,LLC_FFF_C0FF_5,949991,30.00399,3598.504,0,False,40
10,LLC_FFF_C0FF_5,1000039,30.00652,3589.782,0,False,40
0,CCL_FFT_P0FF_1,49979,15.00646,1714.995,0,False,40
1,CCL_FFT_P0FF_1,149972,15.00482,1361.416,6,False,40
2,CCL_FFT_P0FF_1,249999,15.00435,1818.489,5,False,40
3,CCL_FFT_P0FF_1,349964,15.00841,1806.03,2,False,40
4,CCL_FFT_P0FF_1,449942,15.00032,1531.361,5,False,40
5,CCL_FFT_P0FF_1,549997,15.00286,2406.314,0,False,40
6,CCL_FFT_P0FF_1,649962,15.00795,2192.008,1,False,40
7,CCL_FFT_P0FF_1,749940,15.00847,2468.338,0,False,40
8,CCL_FFT_P0FF_1,849995,15.00677,2605.781,0,False,40
9,CCL_FFT_P0FF_1,949966,15.00895,2643.97,0,False,40
10,CCL_FFT_P0FF_1,1000031,15.0053,2808.87,1,False,40
0,LCL_FTF_C0FF_1,49961,15.00509,1360.005,3,False,40
1,LCL_FTF_C0FF_1,149949,15.00929,1588.595,3,False,40
2,LCL_FTF_C0FF_1,249998,15.00703,1285.927,3,False,40
3,LCL_FTF_C0FF_1,349941,15.00993,1603.34,1,False,40
4,LCL_FTF_C0FF_1,449985,15.0002,1475.081,2,False,40
5,LCL_FTF_C0FF_1,549979,15.01171,1448.554,3,False,40
6,LCL_FTF_C0FF_1,649966,15.00746,1559.042,2,False,40
7,LCL_FTF_C0FF_1,749997,15.00195,1254.668,4,False,40
8,LCL_FTF_C0FF_1,849988,15.01236,1693.935,3,False,40
9,LCL_FTF_C0FF_1,949986,15.00601,1537.375,2,False,40
10,LCL_FTF_C0FF_1,1000042,15.01208,1603.15,2,False,40
0,LLC_FFF_C0FF_4,49936,30.00819,3428.351,5,False,40
1,LLC_FFF_C0FF_4,149938,30.00638,2919.271,8,False,40
2,LLC_FFF_C0FF_4,249970,30.00817,3258.137,0,False,40
3,LLC_FFF_C0FF_4,349956,30.0036,3030.052,2,False,40
4,LLC_FFF_C0FF_4,449976,30.01772,3830.638,3,False,40
5,LLC_FFF_C0FF_4,549967,30.00958,3221.873,0,False,40
6,LLC_FFF_C0FF_4,649993,30.00395,3229.751,0,False,40
7,LLC_FFF_C0FF_4,749954,30.0035,3354.092,0,False,40
8,LLC_FFF_C0FF_4,849986,30.00814,3511.588,0,False,40
9,LLC_FFF_C0FF_4,949954,30.0093,3535.94,0,False,40
10,LLC_FFF_C0FF_4,1000002,30.00384,3589.869,0,False,40
0,LLC_FFF_C0FF_3,49999,30.00789,2894.61,6,False,40
1,LLC_FFF_C0FF_3,149943,30.00315,3308.227,2,False,40
2,LLC_FFF_C0FF_3,249954,30.00567,3354.285,1,False,40
3,LLC_FFF_C0FF_3,349970,30.0092,3713.872,6,False,40
4,LLC_FFF_C0FF_3,449994,30.00427,2881.542,13,False,40
5,LLC_FFF_C0FF_3,549961,30.01394,3334.428,8,False,40
6,LLC_FFF_C0FF_3,649964,30.00304,3445.083,4,False,40
7,LLC_FFF_C0FF_3,749975,30.00104,3567.063,5,False,40
8,LLC_FFF_C0FF_3,849993,30.00443,3075.591,2,False,40
9,LLC_FFF_C0FF_3,949981,30.0031,3395.086,2,False,40
10,LLC_FFF_C0FF_3,1000092,30.00993,3449.585,4,False,40
0,CCL_FFF_C0FF_1,49998,30.00024,3273.26,6,False,40
1,CCL_FFF_C0FF_1,149991,30.00539,3739.87,0,False,40
2,CCL_FFF_C0FF_1,249959,30.00368,3753.98,0,False,40
3,CCL_FFF_C0FF_1,349955,30.00356,3752.184,0,False,40
4,CCL_FFF_C0FF_1,449967,30.00554,3664.732,3,False,40
5,CCL_FFF_C0FF_1,549984,30.00182,3557.494,3,False,40
6,CCL_FFF_C0FF_1,649975,30.00568,3586.164,1,False,40
7,CCL_FFF_C0FF_1,749938,30.00039,3657.627,1,False,40
8,CCL_FFF_C0FF_1,849990,30.00819,3549.995,0,False,40
9,CCL_FFF_C0FF_1,949975,30.00275,3599.635,0,False,40
10,CCL_FFF_C0FF_1,1000057,30.00014,3367.245,2,False,40
0,CLC_TFF_P0FT_1,49967,30.00178,3394.502,2,False,40
1,CLC_TFF_P0FT_1,149999,30.00189,3371.175,4,False,40
2,CLC_TFF_P0FT_1,249967,30.00341,3194.827,8,False,40
3,CLC_TFF_P0FT_1,349999,30.00104,3295.378,3,False,40
4,CLC_TFF_P0FT_1,449967,30.00925,3513.953,1,False,40
5,CLC_TFF_P0FT_1,549999,30.00453,3516.678,1,False,40
6,CLC_TFF_P0FT_1,649967,30.00319,3575.009,4,False,40
7,CLC_TFF_P0FT_1,749999,30.00036,3546.041,1,False,40
8,CLC_TFF_P0FT_1,849967,30.00533,3506.995,5,False,40
9,CLC_TFF_P0FT_1,949999,30.00093,3502.228,4,False,40
10,CLC_TFF_P0FT_1,1000111,30.00157,3696.398,1,False,40
0,CCL_FFF_P0TT_1,49987,30.00412,3402.901,0,False,40
1,CCL_FFF_P0TT_1,149955,30.00927,3545.12,0,False,40
2,CCL_FFF_P0TT_1,249987,30.19011,3678.581,0,False,40
3,CCL_FFF_P0TT_1,349955,30.01397,3661.042,0,False,40
4,CCL_FFF_P0TT_1,449987,30.00652,3661.858,0,False,40
5,CCL_FFF_P0TT_1,549952,30.00413,3661.451,0,False,40
6,CCL_FFF_P0TT_1,649969,30.00368,3660.614,0,False,40
7,CCL_FFF_P0TT_1,749967,30.0027,3660.119,0,False,40
8,CCL_FFF_P0TT_1,849999,30.00397,3658.723,0,False,40
9,CCL_FFF_P0TT_1,949963,30.0004,3640.505,2,False,40
10,CCL_FFF_P0TT_1,1000037,30.00627,3624.639,1,False,40
0,LCL_FTF_P0TT_1,49999,15.00584,1593.051,0,False,40
1,LCL_FTF_P0TT_1,149987,15.00576,1406.538,4,False,40
2,LCL_FTF_P0TT_1,249988,15.00241,828.9802,4,False,40
3,LCL_FTF_P0TT_1,349990,15.01369,1337.387,3,False,40
4,LCL_FTF_P0TT_1,449980,15.00225,1264.442,5,False,40
5,LCL_FTF_P0TT_1,549994,15.00877,1530.13,3,False,40
6,LCL_FTF_P0TT_1,649939,15.00663,1474.293,3,False,40
7,LCL_FTF_P0TT_1,749984,15.00417,1284.842,5,False,40
8,LCL_FTF_P0TT_1,849994,15.00862,1383.001,6,False,40
9,LCL_FTF_P0TT_1,949936,15.00265,1524.19,2,False,40
10,LCL_FTF_P0TT_1,1000057,15.00649,1450.952,2,False,40
0,CCL_TFF_P0FT_1,49947,30.00601,3365.896,0,False,40
1,CCL_TFF_P0FT_1,149979,30.00031,3331.558,1,False,40
2,CCL_TFF_P0FT_1,249941,30.00143,3487.579,0,False,40
3,CCL_TFF_P0FT_1,349973,30.00137,3489.511,0,False,40
4,CCL_TFF_P0FT_1,449941,30.00384,3519.485,0,False,40
5,CCL_TFF_P0FT_1,549973,30.00453,3561.365,0,False,40
6,CCL_TFF_P0FT_1,649941,30.00119,2752.513,10,False,40
7,CCL_TFF_P0FT_1,749973,30.006,2716.088,13,False,40
8,CCL_TFF_P0FT_1,849941,30.00064,3460.139,6,False,40
9,CCL_TFF_P0FT_1,949973,30.00087,3624.546,4,False,40
10,CCL_TFF_P0FT_1,1000021,30.0064,3558.821,5,False,40
0,LCL_FTT_C0TT_1,49951,30.00132,2758.981,8,False,40
1,LCL_FTT_C0TT_1,149989,30.00345,3195.391,18,False,40
2,LCL_FTT_C0TT_1,249990,30.00219,2923.179,22,False,40
3,LCL_FTT_C0TT_1,349993,30.01621,2776.718,21,False,40
4,LCL_FTT_C0TT_1,449999,30.00582,2197.333,20,False,40
5,LCL_FTT_C0TT_1,549960,30.00319,2315.37,23,False,40
6,LCL_FTT_C0TT_1,649999,30.00373,2571.434,20,False,40
7,LCL_FTT_C0TT_1,749971,30.00876,2648.989,21,False,40
8,LCL_FTT_C0TT_1,849999,30.0037,2393.143,23,False,40
9,LCL_FTT_C0TT_1,949999,30.00506,2264.953,23,False,40
10,LCL_FTT_C0TT_1,1000039,30.001,2355.469,23,False,40
0,CCL_FFT_C0TT_1,49971,30.0085,3358.556,7,False,40
1,CCL_FFT_C0TT_1,149947,30.00422,2871.657,2,False,40
2,CCL_FFT_C0TT_1,249942,30.00297,3298.452,2,False,40
3,CCL_FFT_C0TT_1,349979,30.01036,3264.522,1,False,40
4,CCL_FFT_C0TT_1,449947,30.00804,2943.835,1,False,40
5,CCL_FFT_C0TT_1,549979,30.01166,3043.56,0,False,40
6,CCL_FFT_C0TT_1,649947,30.00032,2890.224,0,False,40
7,CCL_FFT_C0TT_1,749979,30.01178,3243.775,1,False,40
8,CCL_FFT_C0TT_1,849947,30.00714,3294.751,0,False,40
9,CCL_FFT_C0TT_1,949979,30.00508,3582.624,0,False,40
10,CCL_FFT_C0TT_1,1000091,30.00168,3593.004,0,False,40
0,CCL_FFF_C0FT_1,49982,30.00386,3388.853,2,False,40
1,CCL_FFF_C0FT_1,149986,30.00455,3416.248,0,False,40
2,CCL_FFF_C0FT_1,249954,30.00783,3433.738,0,False,40
3,CCL_FFF_C0FT_1,349986,30.0081,3624.962,0,False,40
4,CCL_FFF_C0FT_1,449965,30.0011,3186.327,1,False,40
5,CCL_FFF_C0FT_1,549996,30.00303,3558.526,3,False,40
6,CCL_FFF_C0FT_1,649964,30.00359,3639.697,1,False,40
7,CCL_FFF_C0FT_1,749996,30.00156,3594.319,0,False,40
8,CCL_FFF_C0FT_1,849947,30.00236,3364.801,1,False,40
9,CCL_FFF_C0FT_1,949987,30.00424,3615.396,1,False,40
10,CCL_FFF_C0FT_1,1000062,30.00685,3664.994,1,False,40
0,LCL_FFF_P0TT_2,49959,30.00663,3300.815,7,False,40
1,LCL_FFF_P0TT_2,149939,30.00458,2917.054,10,False,40
2,LCL_FFF_P0TT_2,249937,30.00286,3325.676,4,False,40
3,LCL_FFF_P0TT_2,349943,30.00199,3564.902,1,False,40
4,LCL_FFF_P0TT_2,449975,30.00424,3606.616,0,False,40
5,LCL_FFF_P0TT_2,549943,30.00363,3634.161,0,False,40
6,LCL_FFF_P0TT_2,649975,30.00154,3634.731,0,False,40
7,LCL_FFF_P0TT_2,749943,30.00485,3634.698,0,False,40
8,LCL_FFF_P0TT_2,849975,30.00409,3635.793,0,False,40
9,LCL_FFF_P0TT_2,949943,30.00311,3635.852,0,False,40
10,LCL_FFF_P0TT_2,1000055,30.0018,3635.64,0,False,40
0,CCL_FFT_P0FT_1,49992,30.00666,3286.762,2,False,40
1,CCL_FFT_P0FT_1,149953,30.00343,3332.641,2,False,40
2,CCL_FFT_P0FT_1,249945,30.00224,3430.527,3,False,40
3,CCL_FFT_P0FT_1,349957,30.00226,3460.688,0,False,40
4,CCL_FFT_P0FT_1,449984,30.00595,3785.422,0,False,40
5,CCL_FFT_P0FT_1,549941,30.00315,4600.204,0,False,40
6,CCL_FFT_P0FT_1,649999,30.00485,3641.866,0,False,40
7,CCL_FFT_P0FT_1,749993,30.00457,3852.327,0,False,40
8,CCL_FFT_P0FT_1,849968,30.00591,3972.047,0,False,40
9,CCL_FFT_P0FT_1,949970,30.00536,4727.608,2,False,40
10,CCL_FFT_P0FT_1,1000023,30.00212,4941.926,3,False,40
0,LLL_FFT_P0TT_2,49997,30.00603,3325.092,9,False,40
1,LLL_FFT_P0TT_2,149961,30.00385,5327.655,7,False,40
2,LLL_FFT_P0TT_2,249947,30.00517,6223.908,6,False,40
3,LLL_FFT_P0TT_2,349951,30.00001,5814.374,4,False,40
4,LLL_FFT_P0TT_2,449984,30.01083,7382.336,2,False,40
5,LLL_FFT_P0TT_2,549986,30.0027,6705.153,6,False,40
6,LLL_FFT_P0TT_2,649973,30.00476,6940.029,5,False,40
7,LLL_FFT_P0TT_2,749951,30.00191,8460.591,1,False,40
8,LLL_FFT_P0TT_2,849998,30.02317,6366.365,7,False,40
9,LLL_FFT_P0TT_2,949971,30.00428,6655.917,1,False,40
10,LLL_FFT_P0TT_2,1000059,30.00273,8297.05,1,False,40
0,CCL_FFF_P0FF_1,49970,30.00305,2572.974,7,False,40
1,CCL_FFF_P0FF_1,149980,30.00678,3037.886,4,False,40
2,CCL_FFF_P0FF_1,249990,30.00448,3519.743,4,False,40
3,CCL_FFF_P0FF_1,349999,30.00111,2934.401,8,False,40
4,CCL_FFF_P0FF_1,449957,30.00257,3402.804,4,False,40
5,CCL_FFF_P0FF_1,549990,30.00598,3616.664,4,False,40
6,CCL_FFF_P0FF_1,649944,30.00038,3546.665,6,False,40
7,CCL_FFF_P0FF_1,749943,30.0005,3601.803,4,False,40
8,CCL_FFF_P0FF_1,849985,30.00593,3668.625,2,False,40
9,CCL_FFF_P0FF_1,949986,30.00743,3624.38,4,False,40
10,CCL_FFF_P0FF_1,1000033,30.0058,3540.206,6,False,40
0,LCL_FTF_P0FF_1,49950,30.00778,3362.953,3,False,40
1,LCL_FTF_P0FF_1,149946,30.00286,3442.919,3,False,40
2,LCL_FTF_P0FF_1,249965,30.00978,2916.116,5,False,40
3,LCL_FTF_P0FF_1,349994,30.00577,3195.956,6,False,40
4,LCL_FTF_P0FF_1,449981,30.01212,2825.023,5,False,40
5,LCL_FTF_P0FF_1,549968,30.0085,3178.477,5,False,40
6,LCL_FTF_P0FF_1,649979,30.01506,3213.261,7,False,40
7,LCL_FTF_P0FF_1,749978,30.00194,2709.342,8,False,40
8,LCL_FTF_P0FF_1,849994,30.01098,3350.575,1,False,40
9,LCL_FTF_P0FF_1,949995,30.01124,2935.161,5,False,40
10,LCL_FTF_P0FF_1,1000023,30.00333,3175.148,3,False,40
0,LCL_FTT_C0FF_1,49968,30.00278,2794.28,12,False,40
1,LCL_FTT_C0FF_1,149955,30.01821,3026.008,19,False,40
2,LCL_FTT_C0FF_1,249984,30.00225,2499.09,20,False,40
3,LCL_FTT_C0FF_1,349975,30.00705,2914.221,17,False,40
4,LCL_FTT_C0FF_1,449973,30.00224,2749.736,19,False,40
5,LCL_FTT_C0FF_1,549955,30.00363,2687.736,19,False,40
6,LCL_FTT_C0FF_1,649985,30.00206,2971.632,19,False,40
7,LCL_FTT_C0FF_1,749957,30.00686,2872.897,21,False,40
8,LCL_FTT_C0FF_1,849978,30.00923,2768.678,20,False,40
9,LCL_FTT_C0FF_1,949999,30.00473,2369.713,16,False,40
10,LCL_FTT_C0FF_1,1000002,30.00415,2975.833,19,False,40
0,CCL_FFT_C0FF_1,49947,30.0022,2766.614,8,False,40
1,CCL_FFT_C0FF_1,149963,30.00272,2920.007,10,False,40
2,CCL_FFT_C0FF_1,249960,30.00084,3003.8,10,False,40
3,CCL_FFT_C0FF_1,349953,30.0054,3321.397,9,False,40
4,CCL_FFT_C0FF_1,449975,30.00126,3218.386,10,False,40
5,CCL_FFT_C0FF_1,549944,30.01196,2643.177,9,False,40
6,CCL_FFT_C0FF_1,649975,30.00814,3419.855,8,False,40
7,CCL_FFT_C0FF_1,749991,30.00332,3789.849,6,False,40
8,CCL_FFT_C0FF_1,849980,30.00469,4472.353,2,False,40
9,CCL_FFT_C0FF_1,949990,30.00891,5311.297,4,False,40
10,CCL_FFT_C0FF_1,1000015,30.00439,5244.672,2,False,40
0,CCL_TFF_C0FF_1,49955,30.00827,3074.286,7,False,40
1,CCL_TFF_C0FF_1,149987,30.00051,3121.042,10,False,40
2,CCL_TFF_C0FF_1,249955,30.01422,2562.716,17,False,40
3,CCL_TFF_C0FF_1,349999,30.01173,3299.546,5,False,40
4,CCL_TFF_C0FF_1,449967,30.00745,3628.03,2,False,40
5,CCL_TFF_C0FF_1,549999,30.00623,3653.627,4,False,40
6,CCL_TFF_C0FF_1,649967,30.00634,3528.763,4,False,40
7,CCL_TFF_C0FF_1,749950,30.00031,3492.135,5,False,40
8,CCL_TFF_C0FF_1,849956,30.00208,3622.75,3,False,40
9,CCL_TFF_C0FF_1,949937,30.00115,3670.822,2,False,40
10,CCL_TFF_C0FF_1,1000023,30.00585,3663.443,2,False,40
0,CCL_FFF_C0TF_1,49988,30.00182,3595.764,0,False,40
1,CCL_FFF_C0TF_1,149956,30.00447,3409.116,0,False,40
2,CCL_FFF_C0TF_1,249988,30.00127,3276.727,2,False,40
3,CCL_FFF_C0TF_1,349956,30.00116,3564.167,1,False,40
4,CCL_FFF_C0TF_1,449988,30.00568,3627.831,0,False,40
5,CCL_FFF_C0TF_1,549999,30.00233,3653.711,0,False,40
6,CCL_FFF_C0TF_1,649956,30.00662,3694.938,0,False,40
7,CCL_FFF_C0TF_1,749986,30.00405,3607.151,2,False,40
8,CCL_FFF_C0TF_1,849979,30.00337,3681.843,2,False,40
9,CCL_FFF_C0TF_1,949936,30.01387,2900.382,8,False,40
10,CCL_FFF_C0TF_1,1000026,30.00392,3182.85,8,False,40
0,LCL_FFF_P0FF_2,49960,30.00055,2946.626,5,False,40
1,LCL_FFF_P0FF_2,149991,30.00718,3489.35,0,False,40
2,LCL_FFF_P0FF_2,249959,30.00393,3595.195,0,False,40
3,LCL_FFF_P0FF_2,349991,30.0059,3435.44,1,False,40
4,LCL_FFF_P0FF_2,449959,30.00665,3490.128,0,False,40
5,LCL_FFF_P0FF_2,549991,30.01039,3580.948,0,False,40
6,LCL_FFF_P0FF_2,649959,30.00786,3584.396,0,False,40
7,LCL_FFF_P0FF_2,749991,30.00123,3579.049,0,False,40
8,LCL_FFF_P0FF_2,849959,30.01422,3583.972,0,False,40
9,LCL_FFF_P0FF_2,949991,30.00527,3582.732,0,False,40
10,LCL_FFF_P0FF_2,1000039,30.00466,3585.047,0,False,40
0,CCL_FFF_P0FT_1,49937,30.00651,2813.01,7,False,40
1,CCL_FFF_P0FT_1,149997,30.00166,3433.339,3,False,40
2,CCL_FFF_P0FT_1,249965,30.00541,3358.587,0,False,40
3,CCL_FFF_P0FT_1,349997,30.00338,3484.122,0,False,40
4,CCL_FFF_P0FT_1,449965,30.00182,3599.425,0,False,40
5,CCL_FFF_P0FT_1,549997,30.00246,3637.608,0,False,40
6,CCL_FFF_P0FT_1,649965,30.00445,3640.29,0,False,40
7,CCL_FFF_P0FT_1,749997,30.01358,3643.309,0,False,40
8,CCL_FFF_P0FT_1,849965,30.00493,3640.926,0,False,40
9,CCL_FFF_P0FT_1,949997,30.00676,3642.26,0,False,40
10,CCL_FFF_P0FT_1,1000045,30.00169,3639.232,0,False,40
0,LLC_FFF_C0TT_1,49964,30.00831,3279.569,5,False,40
1,LLC_FFF_C0TT_1,149950,30.0019,4488.125,4,False,40
2,LLC_FFF_C0TT_1,249970,30.00037,4535.361,2,False,40
3,LLC_FFF_C0TT_1,349945,30.00722,4836.303,2,False,40
4,LLC_FFF_C0TT_1,449972,30.0057,4686.958,1,False,40
5,LLC_FFF_C0TT_1,549960,30.01161,4747.283,0,False,40
6,LLC_FFF_C0TT_1,649996,30.0043,6339.679,0,False,40
7,LLC_FFF_C0TT_1,749971,30.00279,6922.794,1,False,40
8,LLC_FFF_C0TT_1,849969,30.01454,8553.109,0,False,40
9,LLC_FFF_C0TT_1,949941,30.00238,7612.841,5,False,40
10,LLC_FFF_C0TT_1,1000023,30.00463,7949.128,3,False,40
0,CLC_FFF_P0FT_1,49970,30.01182,2815.817,4,False,40
1,CLC_FFF_P0FT_1,149938,30.0051,3331.729,2,False,40
2,CLC_FFF_P0FT_1,249970,30.01211,3225.606,0,False,40
3,CLC_FFF_P0FT_1,349938,30.00551,3465.843,0,False,40
4,CLC_FFF_P0FT_1,449970,30.00304,3511.227,0,False,40
5,CLC_FFF_P0FT_1,549938,30.00147,3596.567,0,False,40
6,CLC_FFF_P0FT_1,649951,30.00281,3625.566,0,False,40
7,CLC_FFF_P0FT_1,749983,30.01052,3621.702,0,False,40
8,CLC_FFF_P0FT_1,849951,30.00486,3617.356,0,False,40
9,CLC_FFF_P0FT_1,949983,30.00183,3609.522,0,False,40
10,CLC_FFF_P0FT_1,1000031,30.00068,3621.694,0,False,40
0,CCL_TFF_P0TT_1,49970,30.00228,2936.496,6,False,40
1,CCL_TFF_P0TT_1,149971,30.00159,3134.128,1,False,40
2,CCL_TFF_P0TT_1,249956,30.00022,3575.407,0,False,40
3,CCL_TFF_P0TT_1,349949,30.00075,3780.395,0,False,40
4,CCL_TFF_P0TT_1,449955,30.0018,3838.731,0,False,40
5,CCL_TFF_P0TT_1,549978,30.00474,3842.171,0,False,40
6,CCL_TFF_P0TT_1,649946,30.00578,3846.967,0,False,40
7,CCL_TFF_P0TT_1,749978,30.00299,3848.802,0,False,40
8,CCL_TFF_P0TT_1,849946,30.00794,3849.413,0,False,40
9,CCL_TFF_P0TT_1,949978,30.00737,3850.333,0,False,40
10,CCL_TFF_P0TT_1,1000026,30.00643,3850.971,0,False,40
0,CCL_FFT_P0TT_1,49970,15.01767,1800.311,0,False,40
1,CCL_FFT_P0TT_1,149946,15.02488,1833.732,0,False,40
2,CCL_FFT_P0TT_1,249972,15.01075,1770.495,3,False,40
3,CCL_FFT_P0TT_1,349966,15.01124,1698.462,1,False,40
4,CCL_FFT_P0TT_1,449958,15.01853,1518.92,1,False,40
5,CCL_FFT_P0TT_1,549990,15.00277,1405.766,4,False,40
6,CCL_FFT_P0TT_1,649958,15.00438,1754.113,0,False,40
7,CCL_FFT_P0TT_1,749990,15.02577,1789.883,0,False,40
8,CCL_FFT_P0TT_1,849958,15.00095,1794.612,0,False,40
9,CCL_FFT_P0TT_1,949990,15.00365,1796.975,0,False,40
10,CCL_FFT_P0TT_1,1000038,15.01081,1799.425,0,False,40
0,LCL_FTT_P0TT_1,49945,15.00004,1434.145,1,False,40
1,LCL_FTT_P0TT_1,149978,15.01251,1390.574,4,False,40
2,LCL_FTT_P0TT_1,249994,15.00669,1417.335,12,False,40
3,LCL_FTT_P0TT_1,349946,15.00106,1204.264,12,False,40
4,LCL_FTT_P0TT_1,449955,15.00789,1531.5,8,False,40
5,LCL_FTT_P0TT_1,549991,15.0078,1375.903,10,False,40
6,LCL_FTT_P0TT_1,649980,15.00424,1602.726,10,False,40
7,LCL_FTT_P0TT_1,749999,15.00844,1366.984,9,False,40
8,LCL_FTT_P0TT_1,849991,15.01079,930.5363,9,False,40
9,LCL_FTT_P0TT_1,949967,15.00477,1338.44,12,False,40
10,LCL_FTT_P0TT_1,1000001,15.00911,1443.421,10,False,40
0,LCL_FTF_C0TT_1,49998,30.01445,3012.739,5,False,40
1,LCL_FTF_C0TT_1,149974,30.00656,3250.174,6,False,40
2,LCL_FTF_C0TT_1,249976,30.01703,3223.05,2,False,40
3,LCL_FTF_C0TT_1,349994,30.01442,3123.056,5,False,40
4,LCL_FTF_C0TT_1,449958,30.00438,3235.729,3,False,40
5,LCL_FTF_C0TT_1,549979,30.00559,2790.54,7,False,40
6,LCL_FTF_C0TT_1,649959,30.00431,2700.731,7,False,40
7,LCL_FTF_C0TT_1,749988,30.00516,3357.093,4,False,40
8,LCL_FTF_C0TT_1,849938,30.00641,2909.713,6,False,40
9,LCL_FTF_C0TT_1,949963,30.01152,3277.159,5,False,40
10,LCL_FTF_C0TT_1,1000006,30.01488,2904.157,5,False,40
0,CCL_FFF_C0TT_1,49961,30.00142,3461.432,5,False,40
1,CCL_FFF_C0TT_1,149993,30.01727,3611.108,3,False,40
2,CCL_FFF_C0TT_1,249961,30.00569,3594.237,0,False,40
3,CCL_FFF_C0TT_1,349979,30.00955,3622.048,0,False,40
4,CCL_FFF_C0TT_1,449989,30.00133,3625.805,0,False,40
5,CCL_FFF_C0TT_1,549963,30.00009,3640.835,0,False,40
6,CCL_FFF_C0TT_1,649987,30.00285,3629.358,1,False,40
7,CCL_FFF_C0TT_1,749953,30.00394,2844.418,8,False,40
8,CCL_FFF_C0TT_1,849964,30.00237,2767.311,11,False,40
9,CCL_FFF_C0TT_1,949956,30.00657,2662.962,10,False,40
10,CCL_FFF_C0TT_1,1000001,30.01063,2680.137,8,False,40
